{"cameraMode":{"drawMode":0,"name":"Shaded","section":"Shading Mode"},"sceneLighting":true,"audioPlay":false,"sceneViewState":{"showFog":true,"showMaterialUpdate":false,"showSkybox":true,"showFlares":true,"showImageEffects":true,"showParticleSystems":true,"showVisualEffectGraphs":true,"m_FxEnabled":true},"in2DMode":false,"pivot":{"x":-0.3113347291946411,"y":1.4004216194152833,"z":0.2574349045753479},"rotation":{"x":0.20959271490573884,"y":0.679336667060852,"z":-0.21237881481647492,"w":0.6704260110855103},"size":0.49377763271331789,"orthographic":false}